name,analysis_no_of_clusters_score,analysis_infiltration_score,analysis_mrca_score,analysis_total_score,n_d_0,n_d_1,n_d_2,n_d_3,n_d_4,n_s,n_p,Ne_d_0,Ne_d_1,Ne_d_2,Ne_d_3,Ne_d_4,Ne_s,Ne_p,Ne_actual,mut_haplotypes_sample, mut_haplotypes_population
1_15_1000_0.00025_0.0025_0.5_100,0.03335748792270532,0.7568985846555798,0.001563795050134644,0.13711959850175087,73,73,26,9,5,3,5,85962.60379920818,85962.60379920818,10468.215546969217,2285.37856728137,1066.053553675988,563.5599624061238,680.0656358344287,1000,115,1060 
1_13_1000_0.00025_2.5e-05_0.5_100,0.45660377358490567,0.8541558856877053,0.25431447069282787,0.48589319496651395,9,9,8,7,7,5,5,2349.0410279811654,2349.0410279811654,2007.329945421699,1683.3317289779275,1683.3317289779275,1089.8982193906686,683.1520405560142,1000,106,1030 
1_14_1000_0.00025_0.00025_0.5_100,0.10348583877995643,0.9559872372372373,0.036870493167438796,0.2213687467066709,33,33,15,10,5,4,6,16202.152703284508,16202.152703284508,4730.378274651708,2690.2745602532164,1084.3250280675397,817.8753212095986,845.3890759573864,1000,108,1021 
1_14_1000_0.00025_0.00025_0.7_100,0.07159202234212103,0.817246286426788,0.0114187588621864,0.17441417243283092,42,42,26,19,13,5,6,19459.024232876673,19459.024232876673,9110.420844278486,5778.996057500205,3425.0598430649616,997.3534885767799,801.0812211532465,1000,149,1433 
1_13_1000_0.00025_2.5e-05_0.7_100,0.4363849765258216,0.8422229330892517,0.13085249137514568,0.4514307972377347,12,12,9,7,6,6,6,3127.0096565561066,3127.0096565561066,2137.0994951370344,1544.6160612303695,1269.5563670916083,1269.5563670916083,802.0329929576959,1000,142,1422 
1_15_1000_0.00025_0.0025_0.7_100,0.03350578960335058,0.7058646019456025,0.0007291194768488088,0.12944311093571312,69,69,33,18,6,3,3,58363.62477214019,58363.62477214019,14122.704151387508,5631.758033155462,1294.6981356863084,546.2962537778795,362.0652314453815,1000,132,1436 
1_16_1000_0.0025_2.5e-05_0.5_100,0.6457446808510638,0.9787234042553192,0.5283166100334575,0.6780772787390612,24,24,19,12,9,17,35,1040.9384643275744,1040.9384643275744,718.2668141460788,365.15844089178455,245.04836658212227,606.3966642997242,705.1424072834494,1000,94,1002 
2_13_1000_0.00025_2.5e-05_0.5_100,0.4772108843537415,0.7462850075094973,0.2548849142711687,0.48422310731471896,13,13,9,7,7,6,7,4019.900752819856,4019.900752819856,2414.2064405458227,1725.4385869153298,1725.4385869153298,1409.851725932502,1005.8559487900875,1000,98,1058 
2_15_1000_0.00025_0.0025_0.5_100,0.07104332772535538,0.6793703598770453,0.011325893733959798,0.15333476744939953,61,61,21,6,4,6,8,69039.65409303902,69039.65409303902,8198.927267765097,1409.851725932502,838.6765490200756,1409.851725932502,1183.370575983764,1000,98,1020 
2_14_1000_0.00025_0.00025_0.5_100,0.1374349556167738,0.9629410993047357,0.10768891907362134,0.2567989716884952,35,35,20,13,11,3,4,19306.97604265163,19306.97604265163,7558.527640480381,4002.73791819993,3166.3610618572625,583.7365970418605,528.1756849886057,1000,99,1027 
1_17_1000_0.0025_0.00025_0.5_100,0.3247044917257683,0.7782110619876577,0.1511899804273623,0.36670330057029077,42,42,26,9,6,20,35,2914.4628381773205,2914.4628381773205,1189.0077011620288,245.04836658212227,142.781512607703,777.7340970595991,703.2227257893901,1000,94,1013 
2_13_1000_0.00025_2.5e-05_0.7_100,0.3489583333333333,0.6464455963140173,0.13925833465158377,0.3621264229781735,11,11,8,7,6,6,6,2771.0192403300093,2771.0192403300093,1826.4707568781123,1538.6095533742925,1264.863618814135,1264.863618814135,802.643784730219,1000,144,1415 
1_17_1000_0.0025_0.00025_0.7_100,0.19777125462056966,0.4819253228795033,0.02327486791478713,0.21421990685354234,53,53,33,19,15,17,20,2991.6446955952283,2991.6446955952283,1328.4534235053359,582.8124571741029,419.1208386565445,498.39466480530496,330.1937601185309,1000,146,1407 
2_14_1000_0.00025_0.00025_0.7_100,0.054838709677419356,0.9765517241379311,0.005007415482460687,0.18562096771725228,33,33,22,16,13,3,5,13338.164065993598,13338.164065993598,7215.24518874111,4593.323502396476,3457.7350759815326,535.1823986027639,650.6008652659624,1000,145,1415 
1_16_1000_0.0025_2.5e-05_0.7_100,0.506993006993007,0.7083937430091276,0.4009132173192006,0.5212911489443541,29,29,21,15,12,18,19,1098.2683945621743,1098.2683945621743,678.6826527799637,422.39405230204676,311.9519869544634,544.5623884010175,310.71828502639295,1000,143,1403 
3_15_1000_0.00025_0.0025_0.7_100,0.04865821628411556,0.6926842818771781,0.0010680047618885286,0.13812359439474087,73,73,35,13,10,5,5,62159.97031426162,62159.97031426162,15046.640080396932,3509.8810916391644,2470.5749222581885,1014.805840938493,651.1528534135543,1000,139,1407 
3_15_1000_0.00025_0.0025_0.5_100,0.06477645958524803,0.853832338638373,0.0005116922656210162,0.1734951263452727,68,68,21,4,1,5,6,103951.99088141651,103951.99088141651,8295.386518646754,843.2424125427566,155.6086238524778,1120.5374685969093,846.7548060721481,1000,96,1011 
2_15_1000_0.00025_0.0025_0.7_100,0.052164986935423666,0.6398151730066624,0.007850138032993661,0.13366528751074497,73,73,35,15,10,6,7,60917.90343906807,60917.90343906807,14911.767621000306,4246.472729557467,2459.3184120531055,1271.9422662851157,959.8198662950881,1000,141,1410 
3_14_1000_0.00025_0.00025_0.5_100,0.14637538864342986,0.5846636257354185,0.04502127325331402,0.1969155068987108,24,24,14,8,7,5,5,10204.458719763332,10204.458719763332,4489.859881049689,2067.4615224893378,1731.1162329742504,1117.2439845904498,685.6010610572027,1000,97,1007 
3_13_1000_0.00025_2.5e-05_0.5_100,0.34068627450980393,0.8848577183287714,0.18737396969266185,0.3993151453600777,11,11,9,7,6,5,6,3130.26123968963,3130.26123968963,2380.488120804828,1703.6831799456504,1393.072563689416,1101.569380776885,847.1680962350365,1000,102,1008 
3_13_1000_0.00025_2.5e-05_0.7_100,0.3064285714285714,0.856385135135135,0.095173135815016,0.35723374064252267,9,9,6,5,5,5,5,2146.4013176866183,2146.4013176866183,1274.3551950697897,1012.9738721382093,1012.9738721382093,1012.9738721382093,650.6696380850286,1000,140,1414 
2_17_1000_0.0025_0.00025_0.5_100,0.3713733075435203,0.7529109109480153,0.1609319120044976,0.39703773872334114,38,38,19,11,8,23,33,2372.098188350867,2372.098188350867,718.2668141460788,323.1292708491101,208.9728667589935,971.1659134697713,654.2612669546811,1000,94,1008 
3_14_1000_0.00025_0.00025_0.7_100,0.06983590733590733,0.8399152225996489,0.03561843176531631,0.1802151832898799,48,48,28,20,15,5,5,24667.477675383256,24667.477675383256,10220.487956443038,6233.3354887820915,4170.063588905688,999.0161642865627,651.4304046964561,1000,148,1403 
4_15_1000_0.00025_0.0025_0.7_100,0.037081585081585086,0.7703144977088638,0.000580619472500377,0.1415913771343142,61,61,33,18,11,4,5,38304.94448857142,38304.94448857142,13078.19920165255,5340.879174629473,2734.428714600243,755.231633520166,649.0365851423699,1000,150,1438 
4_13_1000_0.00025_2.5e-05_0.5_100,0.6047619047619048,1.0,0.2287336622794479,0.6076433826752505,15,15,9,5,5,10,11,4788.8661535412394788.866153541239,2356.7039062458143,1092.7486991956732,1092.7486991956732,2717.553331498303,1728.0751037956913,1000,105,1003 
4_15_1000_0.00025_0.0025_0.5_100,0.051266339869281044,0.8657538930976431,0.011342134359412715,0.1674508420270551,58,58,21,8,5,4,6,62004.39168382827,62004.39168382827,8295.386518646754,2074.747816988087,1120.5374685969093,843.2424125427566,847.5830556360867,1000,96,1005 
4_14_1000_0.00025_0.00025_0.5_100,0.11098310291858678,0.744237021274309,0.018258953037835896,0.19206256818983247,29,29,18,9,6,5,5,14457.464400775698,14457.464400775698,6648.949275762329,2459.9914072691804,1432.5078481055107,1130.7632592379448,685.0623235920798,1000,93,1012 
4_13_1000_0.00025_2.5e-05_0.7_100,0.823943661971831,0.73144264902139,0.6658821878143518,0.7863592889056429,7,7,6,5,4,6,7,1544.6160612303695,1544.6160612303695,1269.5563670916083,1009.3702881504582,764.9419725656658,1269.5563670916083,959.603900511957,1000,142,1412 
4_14_1000_0.00025_0.00025_0.7_100,0.07874704491725769,0.7279538420009709,0.024963011719332805,0.1680604595001259,38,38,29,16,13,4,4,17075.277143021216,17075.277143021216,11067.323515537979,4643.468681612694,3492.057784772669,766.2141011985723,503.76723375170803,1000,141,1414 
5_13_1000_0.00025_2.5e-05_0.5_100,0.4054054054054054,0.8006942615129748,0.2805474591843324,0.44597004188837985,6,6,4,4,3,3,4,1359.0242176478198,1359.0242176478198,812.2136336020817,812.2136336020817,568.1884865785433,568.1884865785433,529.3600845982583,1000,111,1012 
5_14_1000_0.00025_0.00025_0.5_100,0.09866522366522366,0.8714837477337477,0.015980516367890454,0.20218529618090228,37,37,20,13,8,5,5,21436.511140663584,21436.511140663584,7558.527640480381,4002.73791819993,2053.276978542905,1110.8200056678322,685.0623235920798,1000,99,1012 
5_15_1000_0.00025_0.0025_0.5_100,0.0635732046219102,0.7484662437492626,0.021631936552750378,0.16001597028063907,66,66,28,10,2,6,8,74744.32696016162,74744.32696016162,12415.422639717424,2708.306100095884,349.8315321277031,1377.351363039199,1181.77014416186,1000,106,1028 
2_17_1000_0.0025_0.00025_0.7_100,0.20403197775460546,0.51087436240063,0.030550625614043658,0.2240361326304249,43,43,24,20,14,16,26,2154.362947531526,2154.362947531526,842.5917810382037,644.6601778901679,390.39827261361313,469.63506305190555,451.5187645846425,1000,137,1426 
5_15_1000_0.00025_0.0025_0.7_100,0.05639705882352941,0.7404065030079229,0.0005419894078855085,0.15062021503884185,66,66,32,15,11,5,8,50541.37812730858,50541.37812730858,13192.776097347016,4305.477756272562,2824.1273899923417,1020.4271822638846,1121.3866945206087,1000,136,1405 
5_13_1000_0.00025_2.5e-05_0.7_100,0.2003968253968254,0.7819787115459259,0.0443478599314956,0.264226763499391,9,9,8,7,7,3,3,2128.015042148303,2128.015042148303,1826.4707568781123,1538.6095533742925,1538.6095533742925,535.9842953817368,362.65791278798565,1000,144,1419 
3_17_1000_0.0025_0.00025_0.7_100,0.21130246913580247,0.7351347990026151,0.09479653770625392,0.2724014289013921,41,41,27,20,15,18,28,1859.9060744718001,1859.9060744718001,960.8171975893182,619.7862170659538,414.9434495035412,534.0879174629473,495.41834247286545,1000,150,1406 
3_16_1000_0.0025_2.5e-05_0.7_100,0.3297872340425532,0.6664652014652015,0.12461200782072852,0.3495126452226768,24,24,16,11,10,15,23,830.7955207076993,830.7955207076993,464.34686816126936,279.032031567162,245.93184120531055,424.64727295574664,389.8936347822781,1000,141,1418 
2_16_1000_0.0025_2.5e-05_0.7_100,0.6020979020979023,0.5675492184648987,0.3733963806677704,0.5626103713384318,16,16,9,8,7,16,31,461.80688085960406,461.80688085960406,213.25306359894975,183.01838882076814,154.15958239070005,461.80688085960406,559.7829127707134,1000,143,1417 
5_14_1000_0.00025_0.00025_0.7_100,0.07525074690567649,0.5762738323795388,0.006941055169201875,0.14015775596628463,40,40,30,21,15,5,5,18523.775547565423,18523.775547565423,11620.009287172583,6808.15292636949,4235.133509087799,1009.3702881504582,650.6008652659624,1000,142,1415 
6_13_1000_0.00025_2.5e-05_0.5_100,0.43833333333333335,0.9729761904761904,0.15115552654526312,0.4754530908865514,8,8,6,5,2,6,10,2046.371137739599,2046.371137739599,1401.3224732877047,1107.686503083856,354.19450847285964,1401.3224732877047,1537.5770790301553,1000,100,1025 
3_16_1000_0.0025_2.5e-05_0.5_100,0.7277227722772278,0.7369574908586418,0.5381597888356425,0.7006735325482021,16,16,12,9,7,16,28,535.2662842262765,535.2662842262765,354.6422111428059,238.86943406856096,170.8984191874777,535.2662842262765,534.4532531292886,1000,101,1002 
6_14_1000_0.00025_0.00025_0.5_100,0.0642156862745098,0.8334948096885813,0.003431196629204991,0.1704898813398248,35,35,16,12,9,3,4,22256.078976023535,22256.078976023535,5825.017811132129,3811.2798972117484,2543.3381070302025,605.9792344823419,530.001334735366,1000,85,1004 
6_15_1000_0.00025_0.0025_0.5_100,0.09273182957393483,0.7809693222603546,0.0004308195570718797,0.18212230197436835,57,57,24,9,5,7,10,60164.35117246331,60164.35117246331,10339.343092191777,2441.1568404012587,1123.887389548119,1742.7783120545503,1541.1456178010158,1000,95,1012 
4_17_1000_0.0025_0.00025_0.5_100,0.3556266846361186,0.6114327234610253,0.08582398021112575,0.35352718479610573,37,37,21,13,11,23,40,2018.977861305758,2018.977861305758,785.356208768615,389.1361333619799,308.5076662204727,904.3494797972149,826.4332928448129,1000,106,1037 
3_17_1000_0.0025_0.00025_0.5_100,0.20433346949891068,0.7177101533199678,0.09541298992142858,0.26500190013544694,39,39,25,17,7,12,28,2446.4948164027005,2446.4948164027005,1098.2392994571699,600.0380513911058,173.6895117387168,362.00434255384937,532.9666734989481,1000,96,1014 
6_15_1000_0.00025_0.0025_0.7_100,0.08069828722002635,0.6064805864984267,0.00861273451486605,0.14875279920601236,65,65,28,10,8,8,8,47970.31267178878,47970.31267178878,10606.845747093335,2476.3078128205616,1849.4124047866449,1849.4124047866449,1120.4797719552575,1000,138,1412 
2_16_1000_0.0025_2.5e-05_0.5_100,0.8214285714285714,0.696483593437375,0.6448778817082389,0.7762042212718421,19,19,13,9,7,23,34,702.4615895727943,702.4615895727943,401.9900752819856,241.42064405458225,172.543858691533,946.7749675438546,674.9739533922623,1000,98,1033 
6_14_1000_0.00025_0.00025_0.7_100,0.04855449642543584,0.8720896828194984,0.002873775050346634,0.16523266617828183,39,39,22,16,11,3,3,18480.67881139776,18480.67881139776,7484.695936967424,4737.960981614622,2838.265366551,544.4830561464963,362.79870284788086,1000,134,1415 
4_16_1000_0.0025_2.5e-05_0.5_100,0.8627450980392155,0.869281045751634,0.7355369316975942,0.8446442652448352,25,25,16,10,8,22,38,1056.731349182415,1056.731349182415,532.8231987907247,274.6275399364753,203.29144771729398,862.0996160123673,780.3023000538318,1000,102,1009 
4_17_1000_0.0025_0.00025_0.7_100,0.27184028093119006,0.4956655302771261,0.06491194786923675,0.27437481837378747,46,46,31,20,13,24,34,2348.8283780007346,2348.8283780007346,1218.27427943989,632.6263438195932,347.4681921752985,825.1554926216086,626.9747358356142,1000,143,1414 
4_16_1000_0.0025_2.5e-05_0.7_100,0.5643156633722671,0.5951044387642612,0.2946246415815336,0.5284803264124561,26,26,16,13,10,23,27,882.8721627483819,882.8721627483819,443.6310940083727,334.97723865507317,236.89741078417458,738.352137811454,472.2029172248401,1000,159,1432 
7_14_1000_0.00025_0.00025_0.5_100,0.0671349288935137,0.8382073422396004,0.0061257691958475574,0.17364441694077676,42,42,25,12,5,4,6,29500.357219180456,29500.357219180456,11214.60967888222,3667.843963493373,1130.7632592379448,850.3813064792739,846.3431732505265,1000,93,1014 
6_13_1000_0.00025_2.5e-05_0.7_100,0.5056306306306306,0.8511717577633326,0.09664886513732113,0.4961145348765395,8,8,7,4,4,6,7,1812.0322901970767,1812.0322901970767,1526.9914947515456,757.5846487713912,757.5846487713912,1255.7807871024293,958.9584579702454,1000,148,1418 
5_17_1000_0.0025_0.00025_0.5_100,0.4090337335620355,0.7840149974708067,0.22549609156204226,0.43775027684835216,45,45,26,17,7,21,32,2953.349215123322,2953.349215123322,1099.5155710857382,572.0002929914834,168.33317289779274,785.356208768615,625.9600320499634,1000,106,1033 
7_13_1000_0.00025_2.5e-05_0.5_100,0.5598705501618123,0.9038931224219264,0.3269465777186234,0.576535340134351,8,8,3,3,3,6,10,2026.3569436025205,2026.3569436025205,578.2487729884502,578.2487729884502,578.2487729884502,1389.0475882921116,1540.5924636806344,1000,103,1014 
7_15_1000_0.00025_0.0025_0.5_100,0.06994689159637613,0.7123326513468267,0.002452940732657465,0.15618066292938587,58,58,17,8,5,5,6,60837.448167086084,60837.448167086084,5969.6254309950655,2067.4615224893378,1117.2439845904498,1117.2439845904498,847.5830556360867,1000,97,1005 
7_13_1000_0.00025_2.5e-05_0.7_100,0.3079470198675497,0.6104316142361739,0.04547506621413837,0.3139489159748316,9,9,6,5,4,6,8,2097.8133554166698,2097.8133554166698,1249.219227528851,994.07928828061,754.0727989746708,1249.219227528851,1121.6469372248378,1000,151,1403 
7_14_1000_0.00025_0.00025_0.7_100,0.05945831570038087,0.8758097654108119,0.01739566657771976,0.17560163578854637,43,43,25,15,12,4,5,21308.130052700675,21308.130052700675,8892.882294745143,4269.602760909719,3150.0483065584554,768.799923526017,650.3264145429616,1000,139,1419 
7_15_1000_0.00025_0.0025_0.7_100,0.05454286010792861,0.582570660786555,0.0074622643163119624,0.12668494084098003,70,70,32,21,10,6,6,52797.27447180865,52797.27447180865,12654.725924704357,6724.595255321156,2432.333673302887,1260.2730059271926,803.0825335687044,1000,146,1410 
8_13_1000_0.00025_2.5e-05_0.5_100,0.6318181818181818,0.9476363636363636,0.48674983313070064,0.6574306567877869,10,10,8,6,4,6,8,2672.8322475022956,2672.8322475022956,1983.360845013531,1362.5799093903468,814.0740894787934,1362.5799093903468,1179.010172555604,1000,110,1042 
8_14_1000_0.00025_0.00025_0.5_100,0.1653514739229025,0.9085021321961619,0.08234823770820045,0.26437358723168614,30,30,19,12,7,7,7,14031.08861354915,14031.08861354915,6779.287998385374,3492.3173444619897,1688.2963462700645,1688.2963462700645,1013.7505139381246,1000,105,1010 
8_15_1000_0.00025_0.0025_0.5_100,0.04579627454270851,0.8807080708070807,0.0011034375098685422,0.16432911842743836,61,61,23,10,4,3,5,65170.27457509265,65170.27457509265,9299.574585917002,2756.1924566856223,832.0970552419699,580.9512522868395,685.9260294927045,1000,101,1004 
8_13_1000_0.00025_2.5e-05_0.7_100,0.4094202898550725,0.6491478078757107,0.11926101590666828,0.40185552646590755,12,12,9,7,6,9,12,3157.9243856742755,3157.9243856742755,2155.9294355060983,1557.0502052375186,1279.2642644111859,2155.9294355060983,1802.8442979155125,1000,138,1400 
5_16_1000_0.0025_2.5e-05_0.7_100,0.5328798185941044,0.5720047690883396,0.2540323500799776,0.4969214408911205,26,26,18,14,11,20,32,917.1572529693959,917.1572529693959,538.4604829584579,380.4574664097624,275.24019442169947,625.1425364934191,581.6227755469199,1000,147,1420 
8_15_1000_0.00025_0.0025_0.7_100,0.0633022904606091,0.8874412405971015,0.03769640474240165,0.18308225012335183,59,59,32,20,10,3,3,39316.81657612354,39316.81657612354,13134.86716061759,6446.60177890168,2482.112415843283,541.8372687471125,362.5877101261931,1000,137,1421 
8_14_1000_0.00025_0.00025_0.7_100,0.07547905525846701,0.7005827256373174,0.011329182385747243,0.1596221248843866,52,52,28,13,9,6,7,30765.860025080998,30765.860025080998,10691.627392857976,3537.49808915914,2165.6932946041666,1284.2879697620056,960.7968242637319,1000,136,1401 
5_16_1000_0.0025_2.5e-05_0.5_100,0.7219626168224298,0.836576040781648,0.6280077386441092,0.7250613986895644,31,31,18,13,8,25,41,1464.2105427311958,1464.2105427311958,619.5630631439965,387.65913446049456,200.1193065027174,1026.3409819050364,853.8126602695767,1000,107,1031 
9_15_1000_0.00025_0.0025_0.5_100,0.11754726754726753,0.6630702346814878,0.03197499632463693,0.186539871934006,59,59,25,12,2,10,11,61516.6736863093,61516.6736863093,10767.269197348436,3575.021368660183,354.95912897829317,2776.5725278990017,1729.0384937961232,1000,99,1000 
9_14_1000_0.00025_0.00025_0.5_100,0.0895440251572327,0.8673088381330685,0.03660628486150117,0.19826808605924834,43,43,22,11,8,5,6,26935.071910740517,26935.071910740517,8437.824444711934,3085.0766622047267,2007.329945421699,1089.8982193906686,847.4445496254266,1000,106,1006 
9_13_1000_0.00025_2.5e-05_0.5_100,0.2705882352941177,0.8585113879231526,0.10860709923624687,0.3344795377797923,8,8,7,6,5,4,5,2032.9144771729398,2032.9144771729398,1703.6831799456504,1393.072563689416,1101.569380776885,829.9718940271836,684.6338981531534,1000,102,1016 
9_13_1000_0.00025_2.5e-05_0.7_100,0.18961352657004832,0.7917396340589395,0.06989617706502196,0.2619748402676281,11,11,8,5,3,4,4,2810.3483781751625,2810.3483781751625,1849.4124047866449,1016.6584457586001,540.9743374134555,770.1141424110231,504.17926923303366,1000,138,1406 
6_16_1000_0.0025_2.5e-05_0.5_100,0.6118618618618619,0.8922350922350923,0.4237019195121047,0.6256938550653829,29,29,17,11,10,21,37,1276.6480977748452,1276.6480977748452,559.9278820922751,303.281314517159,266.43221386607485,766.5365967332277,743.5602492715686,1000,111,1070 
9_15_1000_0.00025_0.0025_0.7_100,0.06316220494655339,0.5525536532077608,0.00764454958242551,0.1282432738811153,62,62,33,22,14,6,7,40703.65494265781,40703.65494265781,13284.53423505336,7192.7912432169105,3813.9588711800648,1260.2730059271926,958.3166687557712,1000,146,1424 
9_14_1000_0.00025_0.00025_0.7_100,0.06313775510204082,0.7761229070752881,0.008964266749513396,0.1619595046451488,44,44,28,19,12,4,6,21276.571669706886,21276.571669706886,10256.554467919656,5811.533386224267,3090.4588018652844,758.779246780161,801.0812211532465,1000,147,1433 
5_17_1000_0.0025_0.00025_0.7_100,0.2126724763979666,0.4592364111840129,0.053552385705036655,0.22578905301193405,49,49,32,20,14,20,29,2493.417450015012,2493.417450015012,1232.5482215909924,614.6344437376289,375.059444279027,614.6344437376289,516.2079865619172,1000,153,1416 
6_17_1000_0.0025_0.00025_0.7_100,0.20145225218434554,0.49920584859836903,0.09198068032929989,0.2296945558681922,51,51,32,19,13,18,28,3025.568968314786,3025.568968314786,1337.2646542425873,606.5897127819057,356.62372415577875,561.3601305470075,495.6449706680824,1000,133,1403 
10_15_1000_0.00025_0.0025_0.5_100,0.03343563988095238,0.7944792808845029,0.0002682987372628748,0.14261708485993152,53,53,22,10,6,2,5,48621.339125460414,48621.339125460414,8928.436335477687,2808.593778645774,1418.6766947655353,357.3228635878246,685.2773891328243,1000,96,1010 
10_14_1000_0.00025_0.00025_0.5_100,0.0572429906542056,0.9519399603511753,0.02780582035778427,0.1870319605642879,39,39,20,13,10,3,6,22092.829126199384,22092.829126199384,7254.910710310028,3876.5913446049453,2699.2146173256797,573.0760583514901,847.7217484521294,1000,107,1004 
10_13_1000_0.00025_2.5e-05_0.5_100,1.0,1.0,1.0,1.0,4,4,3,2,2,4,4,823.7881696938739,823.7881696938739,575.6249988572148,350.53324416340877,350.53324416340877,823.7881696938739,527.0140132662715,1000,105,1042 
7_17_1000_0.0025_0.00025_0.5_100,0.29792929292929293,0.6097585389828319,0.09342481995209169,0.31402800889074356,41,41,23,16,8,19,30,2369.567420555004,2369.567420555004,885.7546377980132,514.8940365140154,198.3360845013531,662.4350362375538,580.9512522868396,1000,110,1010 
6_17_1000_0.0025_0.00025_0.5_100,0.3236428571428571,0.6004973544973544,0.15208204391847469,0.3394369097623744,43,43,25,13,5,18,20,2860.7741468218674,2860.7741468218674,1069.9018296505703,398.5907966830595,110.7686503083856,640.5447983928786,354.1186645200918,1000,100,1001 
10_13_1000_0.00025_2.5e-05_0.7_100,0.3095890410958904,0.8752557881850432,0.1454770066110683,0.36982224798653995,5,5,4,4,4,2,5,1002.3942143678593,1002.3942143678593,759.9861920095327,759.9861920095327,759.9861920095327,327.80516072008686,650.3949313544109,1000,146,1418 
10_15_1000_0.00025_0.0025_0.7_100,0.0637450595588985,0.667917911273371,0.023829055456240786,0.1483835867006707,74,74,26,11,5,6,7,70406.43958815979,70406.43958815979,9732.89965438035,2860.180531995028,1030.2397006164686,1297.3799121264674,956.6228141856623,1000,131,1440 
10_14_1000_0.00025_0.00025_0.7_100,0.035069249485307874,0.8952941299381513,0.015570909429085907,0.16117823054480107,43,43,26,15,14,2,3,21543.62947531526,21543.62947531526,9505.849276650697,4293.357391240968,3903.982726136131,331.93889808196366,362.728243554594,1000,137,1417 
8_17_1000_0.0025_0.00025_0.5_100,0.29271708683473385,0.6563621174965713,0.15287238842621984,0.32628713667273235,45,45,23,15,12,18,29,2635.3069019107174,2635.3069019107174,848.9620211336542,454.06339207300243,332.98147001362486,589.5185963968636,555.6652431822241,1000,119,1021 
7_16_1000_0.0025_2.5e-05_0.7_100,0.6528822055137845,0.8286211560647652,0.5622220481759955,0.6656440244957632,22,22,14,12,10,16,20,751.1455609436942,751.1455609436942,394.75510040184747,319.88771612639596,250.60790590382732,475.2225556323231,330.2864068665948,1000,133,1405 
7_16_1000_0.0025_2.5e-05_0.5_100,0.48787878787878797,0.9523083778966133,0.41157578856497784,0.5460977764843902,32,32,19,9,8,21,35,1515.8589973015848,1515.8589973015848,662.4350362375538,231.9620540023071,198.3360845013531,770.1521058910276,702.017850310301,1000,110,1020 
6_16_1000_0.0025_2.5e-05_0.7_100,0.5208633093525179,0.8686118156071605,0.37374381780967775,0.5509576615592883,30,30,19,16,13,17,26,1176.025398892105,1176.025398892105,595.0744886005659,466.95522896591274,350.9881091639164,508.29865893920737,451.6514777167811,1000,139,1424 
8_17_1000_0.0025_0.00025_0.7_100,0.15082755590274388,0.5452481176497099,0.04611141023498014,0.1942832183146242,46,46,29,19,11,11,24,2490.7322165886517,2490.7322165886517,1143.4452841546288,606.5897127819057,284.54739097899085,284.54739097899085,411.4221614617876,1000,133,1401 
8_16_1000_0.0025_2.5e-05_0.7_100,0.5774999999999998,0.6329693801876882,0.38694019233663013,0.5572364358786476,22,22,18,14,12,22,27,733.2376724452652,733.2376724452652,549.3580185611235,387.2805528699718,314.22718749944187,733.2376724452652,473.04345822808705,1000,140,1420 
8_16_1000_0.0025_2.5e-05_0.5_100,0.8333333333333335,0.6980124911678937,0.7216589656219139,0.7962840518518044,19,19,12,8,7,21,43,691.4996645262428,691.4996645262428,354.6422111428059,203.95847787682237,170.8984191874777,806.2277776796989,904.182730248611,1000,101,1042 
9_16_1000_0.0025_2.5e-05_0.5_100,0.5680272108843537,0.8381749904930916,0.29874537516754074,0.5681571024681424,22,22,18,18,8,17,34,882.1162253099948,882.1162253099948,647.1218695152913,647.1218695152913,206.03058679101895,593.953015046589,680.4059463360564,1000,98,1000 
9_17_1000_0.0025_0.00025_0.5_100,0.2597665279704114,0.6984701235288869,0.11226097268614937,0.30344623401154347,43,43,25,12,8,18,27,2773.1740751770667,2773.1740751770667,1050.3741473989887,351.8874924226216,202.63569436025205,631.1859286786091,511.25087799273643,1000,103,1000 
9_17_1000_0.0025_0.00025_0.7_100,0.27719873663751204,0.6821868737559603,0.10948602607035614,0.312790050620206,45,45,31,22,14,20,30,2212.43999280892,2212.43999280892,1199.5197375547648,717.064447365646,380.4574664097624,625.1425364934191,539.1919438935735,1000,147,1401 
9_16_1000_0.0025_2.5e-05_0.7_100,0.42527386541471046,0.7519518822335725,0.19479032332154378,0.4397030366235647,31,31,22,16,14,19,25,1223.1497249802824,1223.1497249802824,728.4521536882778,463.0685142472453,385.2688760605879,589.6752171024127,431.75695683214684,1000,142,1408 
10_16_1000_0.0025_2.5e-05_0.5_100,0.6594202898550725,0.90397915241905,0.4259546316164492,0.6610842705038755,26,26,16,14,11,22,43,1046.8215546969218,1046.8215546969218,504.9535697170222,417.8175258732022,299.3990246638924,807.6972573066014,901.0168319241332,1000,115,1056 
10_17_1000_0.0025_0.00025_0.7_100,0.2130407124681934,0.4675493257045254,0.07970082759935959,0.2312160217233181,43,43,26,16,12,18,29,2230.9164441277817,2230.9164441277817,973.289965438035,478.13746985877367,321.6036408383669,565.0186060556508,516.9186710319299,1000,131,1407 
10_16_1000_0.0025_2.5e-05_0.7_100,0.76010101010101,0.6830086336665284,0.6870870086872835,0.7375850534237789,25,25,18,14,8,24,31,913.0556440363918,913.0556440363918,563.1758033155462,395.8821957536962,187.40682519326532,858.397308753359,560.1301920339954,1000,132,1413 
10_17_1000_0.0025_0.00025_0.5_100,0.29266247379454924,0.7185305630366674,0.13478319010295864,0.3328607946271284,41,41,25,15,11,17,30,2452.191180762727,2452.191180762727,1032.149833139771,476.90069092245017,308.5076662204727,572.0002929914834,580.4042646968294,1000,106,1014 
7_17_1000_0.0025_0.00025_0.7_100,0.24620433523311222,0.5222193410691393,0.06529118377457606,0.26046961338973584,47,47,33,17,13,21,36,2497.6044014387166,2497.6044014387166,1367.8828637122856,508.29865893920737,350.9881091639164,687.3976324098527,670.2547147783046,1000,139,1435 
